{"text": " \ub098..", "segments": [{"id": 0, "seek": 0, "start": 0.0, "end": 1.68, "text": " \ub098..", "tokens": [50364, 3948, 353, 50448], "temperature": 1.0, "avg_logprob": -3.551089859008789, "compression_ratio": 0.38461538461538464, "no_speech_prob": 0.5843524932861328}], "language": "ko"}